-- 插入图书数据
INSERT INTO book1 (bid, bname, author, deposit, borrow_times, reserve_times, bstatus, picture) 
VALUES 
('B001', '穿过一无所有的空气', '玛格丽特·阿特伍德', 'W', 4, 0, 0, '\uploads\\margaret_atwood.jpg'),
('B002', '新浪潮', '安托万·德巴克', 'W', 3, 0, 1, '\uploads\\nouvelle.jpg'),
('B003', '李安访谈录', '李安', 'E', 2, 0, 1, '\uploads\\ang_lee.jpg'),
('B004', '人生的愚者', '木木高太郎', 'E', 0, 0, 0, '\uploads\\fool_of_life.jpg'),
('B005', '席德·梅尔的回忆录', '席德·梅尔', 'W', 0, 0, 2, '\uploads\\sid_meier.jpg'),
('B006', '时间人格', '铃木祐', 'E', 1, 0, 1, '\uploads\\your_time.jpg'),
('B007', '时间人格', '铃木祐', 'E', 1, 1, 2, '\uploads\\your_time.jpg'),
('B008', '时间人格', '铃木祐', 'E', 0, 0, 0, '\uploads\\your_time.jpg'),
('B009', '高启：诗人的穷途', '牟复礼', 'N', 1, 0, 1, '\uploads\\poetry.jpg'),
('B010', '奥本海默传', '瑞·蒙克', 'N', 4, 0, 1, '\uploads\\oppenheimer.jpg') ,
('B011', '奥本海默传', '瑞·蒙克', 'N', 3, 0, 1, '\uploads\\oppenheimer.jpg'),
('B012', '叙事本能', '维尔纳·西费尔', 'N', 0, 0, 0, '\uploads\\story.jpg')
;

-- 插入读者数据
INSERT INTO user (uid, uname, sex, password, institution, phone_number, ustatus)
VALUES
('PB12345678', 'John', 1, '456', 'USTC', '12345678901', 0),
('PB11111111', 'Rose', 0, '123', 'USTC', '23456789012', 0),
('PB22222222', 'Emma', 0, '123', 'USTC', '34567890123', 0),
('PB33333333', 'Sophia', 0, '789', 'USTC', '45678901234', 0),
('PB45678912', 'Emily', 0, '456', 'USTC', '56789012345', 0),
('PB98765432', 'Michael', 1, '789', 'USTC', '67890123456', 0),
('MA00000000', 'root', 1, 'root', 'USTC', '12356', 1)
;

-- 插入借阅数据
INSERT INTO borrow (book_id, reader_id, borrow_date, return_date)
VALUES
('B001', 'PB11111111', '2024-03-01', '2024-03-15'),
('B003', 'PB12345678', '2024-03-05', '2024-03-20'),
('B002', 'PB12345678', '2024-03-10', NULL),
('B001', 'PB33333333', '2024-03-15', '2024-03-16'),
('B006', 'PB45678912', '2024-03-03', NULL),
('B003', 'PB12345678', '2024-03-21', NULL),
('B001', 'PB45678912', '2024-03-17', '2024-03-18'),
('B001', 'PB98765432', '2024-03-19', '2024-03-20'),
('B002', 'PB12345678', '2024-03-08', '2024-03-09'),
('B002', 'PB45678912', '2024-03-09', '2024-03-10'),
('B011', 'PB45678912', '2024-03-11', '2024-03-25'),
('B011', 'PB33333333', '2024-03-27', '2024-03-31'),
('B011', 'PB98765432', '2024-05-11', NULL),
('B010', 'PB11111111', '2024-05-12', NULL),
('B007', 'PB45678912', '2024-03-03', '2024-04-01'),
('B009', 'PB45678912', '2024-03-03', NULL),
('B010', 'PB12345678', '2024-04-02', '2024-04-11'),
('B010', 'PB11111111', '2024-04-12', '2024-04-15'),
('B010', 'PB45678912', '2024-04-18', '2024-04-29')
;

-- 插入预约数据
INSERT INTO reserve (book_id, reader_id, reserve_date)		-- ver1将预约数据中4月改为6月
VALUES
('B005', 'PB11111111', '2024-05-08'),
('B007', 'PB12345678', '2024-05-10')
;

-- 插入违期数据
INSERT INTO overdue (book_id, reader_id, overdue_Time, deposit)
VALUES
('B002', 'PB12345678', 80, 'W'),
('B006', 'PB45678912', 87, 'E'),
('B003', 'PB12345678', 69, 'E'),
('B009', 'PB45678912', 87, 'N') 
;